0.0,44.0207,32.922599999999996,49.137699999999995,51.9231,36.564,49.885,56.4525,53.773300000000006,51.8872,47.7831,74.1232,60.83,26.247799999999998,49.4246,42.5338,34.230199999999996,54.9267,12.4218,18.259900000000002,59.149699999999996,33.910599999999995,62.4635,42.8857,55.0171,27.112,58.9766,9.4052,61.639300000000006,23.203400000000002,69.2801,59.678,51.292,82.4134,24.546799999999998,48.3497,27.7758,39.1163,55.1382,58.457699999999996,11.8139,19.0045,22.107400000000002,41.4525,20.4955,66.2766,73.0319,47.0353,29.1567,69.0504,15.2354,62.0553,51.995599999999996,61.8936,59.254,13.0468,22.557599999999997,32.2192,23.926099999999998,33.4325,15.8128,21.924599999999998,74.2801,67.2973,56.1864,50.7644,18.671,63.9792,56.8992,60.3047,59.58,44.5631,43.2861,26.609099999999998,44.671,53.6338,76.018,30.186700000000002,38.4452,45.0874
43.9654,0.0,26.0485,26.8258,16.270799999999998,69.81280000000001,14.232700000000001,75.4868,86.6115,11.627600000000001,66.8173,70.9927,25.1777,58.1207,77.1808,70.2478,76.0561,36.619699999999995,49.6835,60.085800000000006,78.184,52.4385,95.7123,76.1345,14.7575,60.360800000000005,68.07639999999999,39.005,49.0136,53.5492,41.8512,19.418400000000002,84.1303,79.283,27.1418,36.0836,30.9988,72.36510000000001,41.3019,91.29589999999999,49.787099999999995,34.9235,51.8425,52.1878,30.0441,63.1462,37.379599999999996,22.8809,41.5851,65.92,53.9287,49.4295,16.3433,37.519,56.123599999999996,36.7569,64.3835,64.3054,30.8812,61.7711,55.6388,41.442099999999996,71.1497,31.645,34.9372,55.5195,60.496900000000004,97.228,34.9254,49.7008,40.369,55.2985,2.2749,60.914,77.91980000000001,58.3889,72.8876,47.1533,76.41839999999999,7.533
31.244400000000002,22.9663,0.0,22.0946,33.0324,47.5765,30.9942,75.3744,67.5482,33.3665,66.705,47.619800000000005,41.9393,57.2294,77.0685,70.1355,60.1671,17.817,31.0612,44.1968,78.07169999999999,52.3262,48.9496,53.898199999999996,36.4964,38.1245,44.7035,33.649300000000004,30.210900000000002,53.4369,58.6127,39.2405,65.067,55.91,23.1492,49.899800000000006,10.835700000000001,41.503,24.022599999999997,72.2326,33.8912,14.0395,27.4422,52.0073,24.3173,39.773199999999996,54.1412,39.6425,18.2121,42.5471,38.0327,30.6268,33.1049,54.2806,32.7506,30.119,48.4945,38.6737,26.8548,61.6588,46.7944,16.6749,47.7768,48.4066,51.698800000000006,30.4013,44.6079,46.4929,51.6869,70.8595,22.193099999999998,55.1179,22.2316,38.5672,55.6836,33.2707,49.5147,48.051,57.3551,24.033
53.479099999999995,28.3967,25.200599999999998,0.0,51.6479,65.2543,49.6098,97.60910000000001,85.2261,29.6223,88.9397,55.8493,60.5548,79.4641,99.3032,92.3702,78.14089999999999,20.3277,53.2959,66.4315,100.30630000000001,74.56089999999999,75.61580000000001,71.57610000000001,27.8818,55.8024,52.933,55.884,32.7204,75.6715,77.2283,36.3049,82.7448,64.1396,45.383900000000004,71.08460000000001,31.5552,59.1809,18.1013,89.9104,56.1259,36.2742,52.6581,74.2419,46.552,48.0028,72.7568,58.2581,44.1749,50.7766,60.2674,33.136300000000006,51.7204,72.8961,40.980199999999996,52.353699999999996,70.72919999999999,56.3515,49.0895,83.8935,69.0291,37.971199999999996,56.0063,67.0222,70.3143,45.7395,66.8426,65.53059999999999,70.3025,93.0942,10.6411,77.35260000000001,31.686400000000003,56.245,73.36139999999999,46.9803,40.994,70.28569999999999,75.0329,21.6549
49.9874,16.895400000000002,33.5343,51.7638,0.0,77.29860000000001,9.561200000000001,81.50869999999999,94.0973,23.8019,72.83930000000001,78.4785,13.456,64.14269999999999,83.2028,76.2698,83.5419,44.1055,57.1693,67.5716,84.2059,58.4605,103.19810000000001,83.6203,26.9318,67.84660000000001,75.56219999999999,45.027,56.4994,59.5711,30.1295,27.662599999999998,91.6161,86.7687,33.1638,26.985,38.4846,79.8509,48.787699999999994,98.7817,57.2729,42.4093,59.328300000000006,58.2098,36.0661,70.632,25.6579,9.7998,49.070800000000006,73.4058,61.4145,56.9153,5.834,25.7973,63.6094,42.7789,71.86930000000001,71.7912,36.9031,67.79310000000001,61.6608,48.9279,78.6355,19.923299999999998,23.2155,63.005300000000005,67.9827,104.7138,23.203599999999998,48.3875,52.5443,61.3205,16.3212,68.3998,85.4056,65.87469999999999,80.37339999999999,53.1753,83.9042,23.4118
33.0374,64.16380000000001,44.2126,63.371199999999995,74.2298,0.0,72.1917,86.0878,34.562599999999996,79.5363,77.4183,65.0021,83.13669999999999,62.44,82.328,75.43719999999999,43.7819,45.8056,26.155,39.6969,88.785,66.814,28.732,14.904,73.49010000000001,13.896600000000001,28.6353,39.025400000000005,52.5183,62.603199999999994,99.8102,80.4379,32.0813,73.2923,47.393,83.3129,48.8717,13.0974,60.134699999999995,32.5967,27.7488,36.184400000000004,22.8124,76.4158,43.5404,57.1556,95.3387,74.6844,33.8441,59.9294,27.6361,52.9342,74.3023,89.5427,50.133,43.4846,40.7405,9.520299999999999,51.2633,70.8251,48.624300000000005,35.1839,65.1591,89.6041,83.83539999999999,27.3652,38.2895,30.247700000000002,84.5483,95.268,58.6625,79.5264,63.4291,16.415200000000002,14.1845,27.1846,66.897,60.061800000000005,24.369400000000002,65.2305
48.508,15.4161,32.055,50.2844,9.108,75.8192,0.0,80.0294,92.618,22.322599999999998,71.36,76.9992,18.0149,62.6633,81.7235,74.7905,82.0625,42.6262,55.69,66.09219999999999,82.7266,56.9811,101.7188,82.14089999999999,25.4525,66.3673,74.0829,43.547599999999996,55.0201,58.091800000000006,34.6884,16.2325,90.13669999999999,85.2894,31.6844,33.2842,37.005300000000005,78.3715,47.3084,97.3023,55.7936,40.93,57.8489,46.9074,34.5867,69.1526,30.216900000000003,15.7181,47.5915,71.9265,59.9351,55.436,4.759399999999999,30.3562,62.13,41.2996,70.3899,70.3118,35.4238,66.3138,60.1815,47.4485,77.1562,24.4823,27.7744,61.526,66.5034,103.2344,27.7626,46.9014,51.065,50.0181,14.8418,66.9205,83.9263,64.3954,78.89410000000001,51.696,82.4248,21.9325
55.8365,76.4219,85.2536,101.4687,83.2121,88.8221,81.17389999999999,0.0,103.48230000000001,83.1762,8.506,126.4542,73.1764,55.3895,13.937100000000001,30.6221,90.5864,107.2577,67.2657,74.6161,22.3459,36.270199999999996,114.72160000000001,95.1438,86.3061,79.37010000000001,111.3077,54.96,113.97030000000001,50.818,63.697199999999995,90.967,101.001,134.74439999999998,66.97,57.550599999999996,79.6315,91.3744,107.4692,108.1666,66.65780000000001,70.86030000000001,74.3655,42.2689,56.2106,118.6076,74.2446,78.32430000000001,81.4877,121.3814,70.79939999999999,114.3863,83.28460000000001,65.80189999999999,111.585,54.9447,75.311,84.4773,52.8016,51.0733,56.417699999999996,74.2556,126.61110000000001,98.58630000000001,69.7894,103.0954,75.0273,116.2373,58.3108,48.4859,111.911,39.5015,75.8476,79.81339999999999,96.9291,105.9648,128.349,33.306,93.2891,84.18289999999999
54.3053,92.9521,66.9747,86.1333,103.0182,35.3926,100.98010000000001,108.28460000000001,0.0,102.258,99.61510000000001,87.7642,111.9251,61.244800000000005,95.7273,88.8365,37.304199999999994,68.5677,39.4882,45.915800000000004,107.6737,80.2133,49.3281,41.7143,105.38789999999999,33.5861,53.2891,59.776,75.2804,61.408,128.5986,110.0488,5.4118,96.0545,74.4399,98.9753,76.70710000000001,37.7512,82.8968,7.0701,37.7593,56.4681,46.6529,92.0781,70.86630000000001,79.9177,124.127,97.40610000000001,55.7392,82.6915,41.0079,75.6964,103.0907,112.2644,72.8951,65.9275,39.5365,34.174099999999996,74.2969,69.63,57.796699999999994,58.1217,87.9212,118.3924,106.5572,52.019,36.8217,50.8437,107.27,110.93039999999999,81.42460000000001,95.1888,92.2175,32.0956,39.7045,51.8384,89.65910000000001,80.8124,11.899799999999999,94.0188
50.8674,13.0717,35.2581,34.5015,23.5489,79.3456,21.5108,82.3887,98.51310000000001,0.0,73.7193,80.4903,32.455799999999996,65.0227,84.0828,77.1498,85.6173,44.9687,62.2965,69.647,85.086,59.3405,105.24510000000001,85.6673,4.6647,69.8936,77.574,45.907,57.3613,60.4512,49.1292,9.238700000000001,96.0319,88.7805,34.043800000000005,42.9856,38.7384,81.89789999999999,42.7422,103.1975,61.6887,44.4564,61.3753,59.089800000000004,36.9461,72.6438,44.6577,30.159,50.794599999999996,75.41760000000001,65.83030000000001,57.777300000000004,23.6214,44.7971,65.62110000000001,43.6589,73.9447,73.8382,37.7831,68.6731,62.540800000000004,50.9749,80.6473,38.9231,42.215300000000006,70.3805,70.05810000000001,90.17160000000001,42.2034,56.6028,35.2821,62.2005,18.045,70.4468,87.4526,71.6213,65.635,54.0553,88.32,13.5349
47.1707,67.756,76.5878,92.8028,74.5462,80.1562,72.5081,8.506,94.81639999999999,74.5103,0.0,117.7883,56.7457,46.723699999999994,22.765900000000002,22.2748,81.92060000000001,98.5918,58.5998,65.9503,33.2386,27.604400000000002,106.0558,86.47789999999999,77.6402,70.7043,102.6418,46.2942,105.3045,42.1521,47.266400000000004,82.3011,92.33510000000001,126.0785,58.3041,41.1199,70.9657,82.7085,98.80330000000001,99.5008,57.992,62.1944,65.69969999999999,25.8382,47.5448,109.9417,57.2029,61.506,72.8218,112.71560000000001,62.1336,105.7204,74.6187,49.371199999999995,102.9191,46.2789,66.6451,75.8115,44.1358,42.4074,47.7519,65.5898,117.9453,89.9204,53.358599999999996,94.42960000000001,66.36139999999999,107.5714,41.8801,32.0552,103.24510000000001,23.070700000000002,67.18180000000001,71.14760000000001,88.2633,97.299,119.6832,24.6402,84.6233,75.5171
75.4699,71.0333,49.3179,56.191900000000004,81.09939999999999,51.497699999999995,79.0613,119.5153,91.2847,81.4335,110.8459,0.0,90.0063,101.455,121.20939999999999,114.2764,84.1996,37.8275,66.727,83.8938,122.21260000000001,96.4671,25.8115,43.3143,73.0214,61.8611,15.8657,77.7902,38.677699999999994,97.5777,106.6798,83.338,88.8035,17.4682,67.29010000000001,103.0453,57.5455,32.9959,43.9459,67.9452,71.9457,58.1804,58.716800000000006,96.1481,68.45819999999999,6.265899999999999,102.20819999999999,94.41680000000001,50.233599999999996,18.585900000000002,72.2836,39.093599999999995,81.1719,102.3476,20.299,76.0349,81.1581,36.8927,70.9957,105.7997,91.02,55.8784,23.2165,96.4736,103.5678,21.1176,78.7072,20.3038,104.2807,115.0004,51.4832,99.25880000000001,70.2987,62.3037,40.8306,22.358400000000003,45.7563,92.19189999999999,81.0916,68.6881
58.7266,25.634700000000002,42.2735,60.503,12.3597,86.0378,18.3004,90.248,102.8365,32.5411,55.7594,87.2178,0.0,72.88189999999999,91.942,85.009,92.28110000000001,52.844699999999996,65.9085,76.3108,92.9452,67.19969999999999,111.93730000000001,92.3595,35.671,76.5858,84.3014,53.7662,65.2386,68.31039999999999,26.6146,36.4018,100.3553,95.508,41.903,17.197599999999998,47.223800000000004,88.5901,57.527,107.5209,66.0121,51.1485,68.0675,29.0048,44.8053,79.3712,22.143099999999997,16.0205,57.8101,82.145,70.1537,65.6546,14.5732,9.6908,72.3486,51.5181,80.6085,80.5304,45.6424,76.5323,70.4,57.6671,87.37469999999999,16.4085,7.1341,71.7445,76.72189999999999,113.453,8.156600000000001,29.405099999999997,61.2835,27.6806,25.0604,77.139,94.1448,74.614,89.1126,38.4296,92.6434,32.1511
28.7033,57.360800000000005,59.8254,76.0405,64.15090000000001,64.3285,62.1128,58.5691,62.089800000000004,64.1151,49.899699999999996,102.07910000000001,73.0578,0.0,40.482699999999994,33.594199999999994,37.1315,82.88260000000001,36.7924,26.5173,52.125699999999995,25.0065,84.1122,70.6503,67.245,54.876599999999996,86.93260000000001,30.525599999999997,89.59530000000001,6.3561000000000005,81.508,71.90589999999999,59.608599999999996,110.3694,44.9871,57.8888,53.9521,66.88080000000001,82.041,66.7742,34.840300000000006,45.180800000000005,48.007400000000004,50.991699999999994,37.1495,94.2326,85.2598,59.2632,56.1334,97.0064,29.1326,90.0112,64.2234,74.1215,87.21,34.167199999999994,28.4429,58.8404,33.7405,14.902700000000001,16.318,48.901300000000006,102.23610000000001,79.5252,68.4142,78.7204,30.5185,85.62780000000001,69.12710000000001,69.84389999999999,86.4827,54.1023,56.7865,48.9702,72.43560000000001,81.5898,103.974,32.9309,58.026199999999996,65.12180000000001
53.818599999999996,81.47160000000001,84.9097,101.12480000000001,88.26169999999999,87.5483,86.2236,13.937100000000001,97.3555,88.2259,22.7684,127.1634,97.16860000000001,43.787099999999995,0.0,17.3925,80.1525,107.9669,61.8767,61.783,11.2273,35.686800000000005,112.6418,93.87,91.3558,78.0963,112.01689999999999,55.809,114.67960000000001,39.2156,77.87360000000001,96.0167,94.8743,135.4536,72.0197,48.5223,79.0364,90.1006,107.12530000000001,102.03989999999999,59.9246,70.2651,73.0917,37.594199999999994,61.2603,119.31689999999999,88.421,83.374,81.2177,122.0907,64.4929,115.0955,88.3342,79.9783,112.2943,59.9944,63.7086,83.2035,57.8513,30.8369,41.1148,73.9856,127.32039999999999,103.636,92.525,103.8047,64.5933,114.1574,72.4872,62.6623,111.567,53.6779,80.8973,77.49980000000001,95.6554,106.67410000000001,129.0583,40.4904,86.5559,89.2326
38.2895,65.2841,69.4273,85.6423,72.07419999999999,72.0658,70.0361,33.0417,81.8265,72.0384,26.8134,111.681,80.98110000000001,28.258,19.8122,0.0,64.67,92.4845,46.3942,46.2539,31.453799999999998,20.2011,97.1593,78.3875,75.1683,62.6139,96.5345,40.2844,99.1971,23.6865,89.43130000000001,79.8292,79.34519999999999,119.9712,55.8322,65.8121,63.5539,74.61810000000001,91.64280000000001,86.5108,44.442099999999996,54.782599999999995,57.609300000000005,58.915,45.0728,103.83439999999999,93.18310000000001,67.1865,65.73519999999999,106.6082,49.010400000000004,99.6131,72.1467,82.04480000000001,96.8118,40.360800000000005,48.1795,67.7211,41.6638,15.3056,25.5857,58.503099999999996,111.83789999999999,87.4485,76.3375,88.3222,49.1109,98.6749,77.0504,77.7672,96.08460000000001,62.0256,64.7098,62.017300000000006,80.1729,91.19160000000001,113.5758,31.1967,71.07339999999999,73.0451
37.8335,76.48039999999999,62.9508,78.8869,86.54639999999999,44.998,84.5083,91.81280000000001,42.7292,85.7862,83.1434,80.51780000000001,95.4533,35.354099999999995,68.2115,61.224599999999995,0.0,61.3213,29.7518,15.3294,79.8546,52.7353,64.7817,51.3198,88.9162,35.546099999999996,77.6015,43.304199999999994,68.034,35.517199999999995,112.1268,93.577,40.2479,88.808,57.968199999999996,82.5035,60.2354,47.5504,75.65039999999999,47.413599999999995,27.7997,51.4641,35.0305,75.6063,54.3945,72.6712,107.6552,80.9344,48.4927,75.44510000000001,20.798,68.4499,86.6189,95.79260000000001,65.6486,49.4558,10.326600000000001,39.5099,57.8251,43.7392,31.905900000000003,51.9527,80.6748,101.92060000000001,90.08539999999999,58.7318,17.644,66.2973,90.7983,94.4586,74.1781,78.717,75.7457,29.6397,53.1051,61.6012,82.4127,64.3406,38.695699999999995,77.5471
50.1901,33.692099999999996,17.2648,19.0954,43.7581,51.5751,41.72,94.32010000000001,71.5469,45.1646,85.6507,39.2083,52.665,76.1751,96.0142,89.0812,64.4617,0.0,46.9891,63.1425,97.0174,71.27189999999999,58.9748,57.896800000000006,35.9249,42.1232,36.292,52.595,13.4175,72.38260000000001,69.3385,51.327400000000004,69.0656,47.498599999999996,38.991699999999994,60.6256,27.076400000000003,45.5017,8.482299999999999,76.2312,52.207800000000006,32.9853,38.9789,70.953,43.263,31.3618,64.8669,50.368199999999995,30.4957,34.1356,52.5457,13.8335,43.8306,65.0063,24.3392,49.064699999999995,61.420300000000005,42.6723,45.8005,80.6045,65.74010000000001,36.1406,39.365300000000005,59.132400000000004,62.4245,29.0985,58.969300000000004,48.8896,62.412699999999994,89.8052,14.3866,74.06360000000001,32.9574,42.5658,59.682199999999995,30.339299999999998,41.103199999999994,66.9967,61.353699999999996,33.4327
12.4952,46.906800000000004,32.5216,48.7367,56.9728,28.9492,54.9347,66.4745,40.087900000000005,63.154199999999996,57.805099999999996,64.30590000000001,65.8797,35.396800000000006,58.6656,51.774800000000006,27.978099999999998,45.1094,0.0,15.8091,69.1717,43.1516,55.9807,35.271,56.2331,19.4973,61.3896,19.3146,51.8221,35.5619,82.5532,63.1809,37.6067,72.5962,31.010900000000003,58.3844,30.7533,31.5015,54.737199999999994,44.7723,3.2635,18.927400000000002,14.8018,51.487199999999994,27.1583,56.4594,78.0817,58.3023,25.8335,59.2332,8.393799999999999,52.238099999999996,57.045300000000005,73.1606,49.436800000000005,24.136,20.1068,24.6045,34.8813,42.6734,24.9618,20.581,64.4629,72.34710000000001,67.4533,42.5199,12.419,57.4964,68.1662,70.3394,57.966300000000004,54.5979,46.1721,14.6876,37.0563,45.3894,66.2008,40.2214,29.8948,47.9735
19.7669,58.4137,44.8841,61.099199999999996,68.4798,41.537800000000004,66.4417,73.7462,42.7395,67.7196,65.0767,81.50410000000001,77.38669999999999,24.594,57.4514,50.4645,15.3005,62.3076,16.1537,0.0,69.0944,41.975199999999994,65.4746,47.8595,70.8495,32.0858,78.5878,25.237599999999997,69.0203,24.757099999999998,94.0602,75.51039999999999,40.258199999999995,89.7944,39.9015,64.43690000000001,42.168699999999994,44.0901,67.0997,47.4238,14.2015,33.3975,27.2239,57.539699999999996,36.3279,73.6576,89.5886,62.8678,41.118199999999995,76.4314,10.938,69.4363,68.5523,77.726,66.635,31.3891,5.530600000000001,40.2028,39.7585,32.979099999999995,21.145799999999998,33.8861,81.6611,83.854,72.0188,62.7259,10.0573,66.9903,72.7316,76.392,71.5415,60.650400000000005,57.6791,30.3326,49.644800000000004,65.59530000000001,83.399,46.274,39.3887,59.4804
59.6569,80.2423,89.074,105.2891,87.0324,92.6424,84.99430000000001,20.4465,107.94030000000001,86.9966,31.3582,130.2745,95.9393,54.371900000000004,11.2273,27.954900000000002,90.7127,111.078,71.0861,74.74239999999999,0.0,42.225300000000004,118.542,98.96419999999999,90.1265,83.1905,115.128,58.7804,117.7907,49.8004,66.96589999999999,94.7873,105.4591,138.5648,70.79039999999999,60.8194,83.4519,95.1948,111.28960000000001,112.62469999999999,70.4782,74.68060000000001,78.18589999999999,45.537699999999994,60.031,122.428,77.51339999999999,82.1447,85.30810000000001,125.2018,75.0532,118.20660000000001,87.1049,69.0707,115.4054,58.7651,74.29339999999999,88.29769999999999,56.622,41.3994,51.686,78.076,130.4315,102.4067,73.05810000000001,106.9158,75.15360000000001,120.0577,61.5796,51.7547,115.7313,42.770199999999996,79.668,83.63380000000001,100.7495,109.7852,132.1694,39.2611,97.1095,88.0033
27.3775,47.962900000000005,56.794599999999996,73.0097,54.753,60.363099999999996,52.7149,31.7879,75.0233,54.7172,23.1184,97.9952,63.6599,29.4509,34.6268,27.709799999999998,62.1274,78.7987,38.8067,46.1571,35.982,0.0,86.2626,66.68480000000001,57.8471,50.9111,82.8486,26.501,85.5113,24.8794,52.9235,62.508,72.542,106.2854,38.511,30.64,51.1725,62.9154,79.0102,79.7076,38.198800000000006,42.401300000000006,45.9065,24.594900000000003,27.7516,90.1486,75.86189999999999,49.865300000000005,53.0287,92.9224,42.3404,85.9273,54.8255,45.537,83.126,26.4857,49.3724,56.0183,24.342599999999997,23.9125,22.6673,45.7966,98.1521,70.1273,42.878699999999995,74.6364,46.5683,87.7783,40.524800000000006,43.4471,83.452,26.8535,47.3886,51.3544,68.4701,77.50580000000001,99.89,9.6015,64.8301,55.7239
57.4551,88.5815,45.990199999999994,65.14880000000001,98.6475,26.1023,96.6094,110.5054,49.3859,103.95389999999999,101.836,25.8513,107.5544,84.7802,110.0276,103.13680000000001,66.1221,47.5833,55.3151,65.5343,113.2027,94.51360000000001,0.0,17.9189,81.9783,38.3143,17.9396,63.4431,58.5353,84.94330000000001,124.22789999999999,104.85560000000001,55.099,49.890699999999995,71.8107,107.73060000000001,73.2894,16.4215,63.8035,42.549800000000005,53.5862,60.6021,47.2301,100.8335,67.9581,31.3617,119.7564,99.10210000000001,58.2618,47.6911,53.924099999999996,58.9513,98.72,113.9603,40.1566,67.9023,63.0806,24.2047,75.681,93.1653,81.332,59.6016,46.0336,114.0218,108.2531,22.9101,60.6297,4.8412,108.966,119.6857,60.4401,103.9441,87.8468,40.8329,15.4353,20.1427,65.6139,84.4795,42.3024,89.6482
41.3463,72.4726,52.5214,71.68010000000001,82.53869999999999,9.9935,80.5006,94.3966,35.469699999999996,87.8451,85.7272,42.8649,91.4456,70.74889999999999,90.6369,83.74610000000001,52.0908,54.1145,34.4639,48.0058,97.0938,75.12289999999999,17.4297,0.0,81.799,22.2054,32.0438,47.334199999999996,60.8272,70.912,108.1191,88.74680000000001,40.9826,81.60119999999999,55.701800000000006,91.62180000000001,57.1806,14.7307,68.4436,38.4864,36.0577,44.493300000000005,31.1212,84.72460000000001,51.8493,65.4644,103.6475,82.9933,42.153,68.23830000000001,35.944900000000004,61.2431,82.6112,97.8515,58.4418,51.7934,49.0493,16.715700000000002,59.572199999999995,79.134,56.933099999999996,43.4928,73.468,97.9129,92.1443,34.5606,46.5984,18.945400000000003,92.8571,103.5769,66.9713,87.8353,71.738,24.724,3.2927,29.7088,75.2059,68.37060000000001,28.3863,73.5393
54.091,13.2825,37.257400000000004,27.851,26.7725,82.0967,24.7344,85.6124,98.8954,4.6647,76.9429,73.8398,35.6794,68.2463,87.3064,80.37339999999999,88.34,38.3181,61.967400000000005,72.3697,88.3096,62.564099999999996,107.9962,88.41839999999999,0.0,72.6447,70.9234,49.1306,50.710800000000006,63.674800000000005,52.3529,9.8392,96.4142,82.13,37.2674,46.209199999999996,36.8508,84.649,36.091699999999996,103.5798,62.071,47.2075,64.1264,62.3134,40.1697,65.9932,47.8813,33.3826,52.7939,68.767,66.21260000000001,51.1267,26.845,48.0207,58.9706,46.8825,76.6674,74.342,41.006800000000005,71.8968,65.7644,47.2354,73.99680000000001,42.146699999999996,45.438900000000004,63.7299,72.78089999999999,83.5211,45.427099999999996,59.8264,28.6315,65.4241,21.2686,73.19789999999999,90.2037,64.9708,58.9844,57.279,88.70230000000001,10.665799999999999
30.7733,61.8996,41.9484,61.107,71.9657,10.0785,69.92760000000001,83.8236,31.7125,77.27210000000001,75.1542,62.738,80.8726,60.1759,80.0638,73.1731,41.5178,43.5415,23.890900000000002,37.4327,86.52080000000001,64.54990000000001,35.9781,16.400299999999998,71.226,0.0,28.1674,36.761199999999995,50.2541,60.339,97.546,78.1738,29.2312,71.0282,45.128800000000005,81.0488,46.6075,12.6295,57.8705,36.3969,25.484599999999997,33.920300000000005,20.5482,74.1516,41.276199999999996,54.891400000000004,93.0745,72.4202,31.58,57.6652,25.3719,50.6701,72.0382,87.2785,47.8688,41.2204,38.4763,9.0524,48.999199999999995,68.561,46.360099999999996,32.9198,62.895,87.3399,81.57130000000001,26.897299999999998,36.025400000000005,37.4938,82.28410000000001,93.0038,56.398300000000006,77.2623,61.165,10.6085,18.185599999999997,26.7167,64.6329,57.797599999999996,21.5194,62.966300000000004
58.9048,68.1602,46.4448,53.3188,78.22619999999999,33.4208,76.1881,102.9502,54.7896,78.56039999999999,94.2808,15.862200000000001,87.1331,84.8899,104.6443,97.71130000000001,81.32639999999999,34.9544,63.8539,71.85719999999999,105.64739999999999,79.902,17.9396,31.1423,70.1483,33.3524,0.0,61.2251,35.8045,81.0126,103.8066,80.4648,52.3084,49.278400000000005,50.725,86.4802,46.259,20.5054,41.0728,57.1638,69.07260000000001,41.615300000000005,42.902300000000004,79.583,51.893,16.0535,99.33510000000001,77.8517,33.6685,24.9603,69.4104,36.2205,78.2987,92.70989999999999,17.4258,59.469800000000006,78.285,24.4023,54.4306,89.2346,74.4549,39.6088,41.145199999999996,93.6005,87.00269999999999,8.86,75.834,14.197,87.71560000000001,98.4353,48.61,82.69369999999999,67.4255,35.582800000000006,30.0493,6.4666999999999994,42.8831,75.6268,44.5965,65.8149
8.4092,36.6358,30.8415,47.056599999999996,43.4259,41.394800000000004,41.387800000000006,54.6473,56.0549,43.3901,45.9779,73.4525,52.332800000000006,29.8529,53.3014,46.4129,43.159099999999995,54.256,19.8384,27.1888,57.3446,31.5991,67.2943,47.7165,46.52,31.9428,58.306,0.0,60.9687,29.8945,60.783,51.1809,53.573699999999995,81.7427,15.3695,45.6803,25.2744,43.9471,53.0571,60.7393,19.2305,16.4674,27.3577,40.5814,11.998299999999999,65.606,64.5348,38.538199999999996,27.419900000000002,68.3798,23.3721,61.3846,43.498400000000004,53.3965,58.583400000000005,4.565600000000001,31.4865,37.05,15.4289,37.312,20.891599999999997,20.187900000000003,73.6095,58.8002,47.6892,50.0938,27.6,68.81,48.4021,59.4336,57.4989,43.692,36.0615,32.3861,49.5018,52.9632,75.3474,25.368,45.8618,44.396800000000006
60.102,44.4088,27.9815,31.653299999999998,54.4749,55.9451,52.436800000000005,104.14739999999999,75.9169,52.116800000000005,95.478,38.493300000000005,63.381800000000005,86.0871,105.8415,98.9085,68.8317,13.2889,51.3591,68.5259,106.8447,81.0992,58.259699999999995,62.2668,48.482800000000005,46.493199999999995,35.5769,62.4223,0.0,82.20989999999999,80.0553,58.7994,73.43560000000001,30.983,51.9223,71.3424,37.7932,49.8717,19.0942,80.60119999999999,56.5778,42.812599999999996,43.3489,80.7803,53.090300000000006,30.6467,75.5837,61.085,34.8657,25.6163,56.915699999999994,2.9739,54.5474,75.7231,23.6241,60.6671,65.7902,47.042300000000004,55.6278,90.43180000000001,75.6521,40.5106,22.849700000000002,69.8491,73.1413,28.3834,63.3393,48.1746,73.1295,99.6325,22.9941,83.89089999999999,43.6742,46.9358,64.0522,29.624299999999998,16.3259,76.824,65.7237,44.1495
24.0336,53.753099999999996,58.1503,74.3653,60.5433,63.1068,58.505199999999995,54.9615,60.8681,60.507400000000004,46.292,98.6265,69.4502,6.1002,36.875,29.9865,35.909699999999994,79.43,33.1265,25.2955,48.5181,21.398799999999998,82.8904,69.4285,63.6373,53.6548,85.2575,29.0495,86.14269999999999,0.0,77.9003,68.2982,58.3868,106.91669999999999,44.301199999999994,54.2812,52.276900000000005,65.65910000000001,80.36580000000001,65.55239999999999,31.174400000000002,43.5057,46.332300000000004,47.384,33.5419,90.78,81.6521,55.6555,54.4582,93.55380000000001,27.9108,86.55860000000001,60.6158,70.5138,83.75739999999999,26.708599999999997,27.2211,57.6186,30.1328,11.9596,9.914,47.226099999999995,98.7835,75.9175,64.8066,77.0452,29.296799999999998,84.406,65.5194,66.2362,84.80760000000001,50.494699999999995,53.1788,47.748400000000004,71.2138,79.91460000000001,100.5214,29.3232,56.8045,61.5141
72.8776,39.785599999999995,56.4245,74.6539,26.5107,100.1887,32.4514,63.692699999999995,116.9875,46.692099999999996,47.218199999999996,101.3687,21.950599999999998,87.0329,74.1603,99.16,106.4321,66.9957,80.0595,90.4618,68.81460000000001,81.3507,126.0883,106.5105,49.822,90.7368,98.4524,67.9172,79.3896,82.46130000000001,0.0,50.552800000000005,114.50619999999999,109.65889999999999,56.054,25.5846,61.3748,102.7411,71.6779,121.6719,80.1631,65.2995,82.2185,34.96,58.956300000000006,93.5222,9.936399999999999,30.1715,71.9611,96.296,84.3047,79.8055,28.7242,17.9466,86.4996,65.6691,94.7594,94.6814,59.7933,90.6833,84.551,71.8181,101.5257,22.328,23.914099999999998,85.8955,90.87289999999999,127.604,20.795099999999998,18.258,75.4345,31.717299999999998,39.211400000000005,91.29,108.2958,88.7649,103.26360000000001,45.0441,106.7944,46.302
57.2974,18.0408,39.631699999999995,38.614,27.787599999999998,85.77560000000001,16.2251,88.8188,104.9431,9.238700000000001,80.1493,84.6028,36.6944,71.4527,90.5128,83.5798,92.0473,49.0811,68.7266,76.077,91.516,65.7705,111.6752,92.0973,9.8392,76.3237,81.6865,52.337,61.473800000000004,66.88119999999999,53.3679,0.0,102.4619,92.893,40.473800000000004,49.4156,43.7076,88.3279,46.854699999999994,109.6275,68.1187,48.4266,67.8053,65.5198,43.3761,76.75619999999999,48.8964,34.3977,61.3874,79.5301,72.2603,61.8898,17.3182,49.0358,69.73360000000001,50.0889,80.37469999999999,80.2682,44.2132,75.1032,68.9708,54.0922,84.7598,20.8273,46.454,73.3615,76.48819999999999,94.28410000000001,46.442099999999996,63.0328,39.3945,68.6305,22.418599999999998,76.8768,93.8827,75.7338,69.7475,60.4854,94.75,18.504
51.824,90.4709,65.8331,84.9917,100.53689999999999,34.2509,98.4988,105.80330000000001,5.4118,99.77669999999999,97.1339,86.6226,109.4438,58.7636,93.246,86.3552,34.822900000000004,67.4261,38.346599999999995,43.4345,105.1925,77.7321,53.554300000000005,40.5727,102.9067,32.4445,52.147400000000005,57.2947,74.1388,58.9267,126.1173,107.5675,0.0,94.9128,71.9587,96.494,74.2259,36.6096,81.7552,8.1844,36.617599999999996,55.3265,45.511300000000006,89.59689999999999,68.385,78.7761,121.64569999999999,94.9249,54.5976,81.5499,38.5267,74.5547,100.6094,109.7831,71.7535,63.4462,37.0553,33.0325,71.8156,67.14869999999999,55.315400000000004,56.9801,86.7796,115.9112,104.07589999999999,50.8774,34.3404,55.07,104.78880000000001,108.4491,80.283,92.7075,89.7362,30.954,43.930800000000005,50.6968,88.5175,78.3311,10.7582,91.53760000000001
82.4312,77.9946,56.279199999999996,63.1532,88.0607,78.2743,86.02260000000001,126.4766,98.24610000000001,88.3948,117.8072,17.4682,96.9676,108.4163,128.1707,121.2377,91.1609,44.7889,73.6883,90.85510000000001,129.1739,103.4284,49.826800000000006,84.596,79.9827,68.82239999999999,41.896300000000004,84.7515,32.2888,104.5391,113.64110000000001,90.2993,95.76480000000001,0.0,74.2515,110.0066,64.5069,58.302699999999994,41.668699999999994,102.93039999999999,78.907,65.1418,65.6781,103.1095,75.4195,24.7479,109.1695,101.3781,57.194900000000004,16.2928,79.2449,34.4114,88.1332,109.3089,29.0733,82.9963,88.1194,69.3715,77.957,112.761,97.9813,62.839800000000004,9.3759,103.4349,110.5291,38.756800000000005,85.6685,44.418099999999995,111.242,121.9617,45.5685,106.2201,77.26,69.265,86.3814,39.9976,20.181,99.1532,88.0529,75.6494
23.5054,26.3096,26.3812,42.596199999999996,33.0997,51.5719,31.0616,58.9074,68.37060000000001,33.063900000000004,50.2379,67.5097,42.0066,41.5413,60.6014,53.6685,58.0667,48.313199999999995,31.4426,42.0964,61.6046,35.8591,77.47139999999999,57.8936,36.1938,42.1199,52.3632,18.545,55.0259,36.969800000000006,50.4567,40.8546,65.8894,75.7999,0.0,35.354099999999995,21.5407,54.124199999999995,48.5967,73.055,31.546200000000002,16.6827,33.6016,35.5402,7.697,59.663199999999996,54.2086,28.212,32.1769,62.437,35.6878,55.441900000000004,33.1722,43.0702,52.6406,16.2969,46.394,46.0645,10.387799999999999,45.1918,35.9995,23.2012,67.66669999999999,48.474,37.363,44.151,42.5075,78.98710000000001,38.075900000000004,54.3924,53.0385,38.6509,25.7353,42.6731,59.6789,47.0204,69.4046,31.5839,58.1775,34.0706
47.5764,37.0047,51.2618,71.7208,27.9985,80.8299,33.5002,56.6117,95.2324,43.759,40.1372,97.1663,17.2012,58.868300000000005,67.0793,55.1325,82.3365,61.833,59.015800000000006,66.36619999999999,61.733599999999996,36.304300000000005,106.7294,87.1516,46.8889,71.3779,82.0198,45.7162,74.2269,54.296699999999994,25.5846,51.549800000000005,92.75110000000001,105.4565,36.0285,0.0,49.622800000000005,83.3822,66.5152,99.91669999999999,58.4079,46.3392,63.258199999999995,13.3826,38.5481,89.3197,35.521,17.7422,61.833400000000005,92.09360000000001,62.5495,74.64280000000001,28.967200000000002,18.1981,82.2971,43.1029,78.7897,75.7211,35.7158,50.9684,50.3315,52.857699999999994,97.3233,29.3155,13.8141,73.8075,66.7774,108.24510000000001,13.203700000000001,24.0991,72.50139999999999,12.0583,36.4304,71.82119999999999,88.9369,76.677,99.0612,22.8074,85.0392,44.765699999999995
30.5,24.283,11.0572,27.343700000000002,34.3491,50.4461,32.311,73.407,69.9712,34.6832,64.7376,55.198800000000006,43.256,56.485099999999996,75.1011,68.16810000000001,59.4227,27.283,30.3169,43.452400000000004,76.10430000000001,50.3588,76.3457,56.7678,33.5999,40.9942,52.2825,31.681900000000002,39.6768,51.4695,59.9294,41.4626,67.49,63.489,21.181900000000002,43.489599999999996,0.0,52.998400000000004,33.344199999999994,74.6556,33.146800000000006,13.295200000000001,32.4758,50.0399,22.3499,47.3523,55.4579,36.3475,26.256,50.1261,37.2884,40.092800000000004,34.4216,51.2057,40.329699999999995,29.374599999999997,47.750099999999996,44.9387,24.887400000000003,59.6914,46.0501,18.9607,55.3558,49.7233,45.4985,38.2301,43.8635,56.7498,46.211400000000005,68.8921,37.786,53.1505,23.5484,41.5474,58.5532,41.0995,57.0937,46.0836,59.7781,26.8127
38.209900000000005,69.33619999999999,40.6757,59.8344,79.4023,18.0884,77.36410000000001,91.2602,39.4572,84.7087,82.5907,31.584400000000002,88.3091,67.6124,87.5004,80.6096,48.9544,42.268800000000006,31.3274,44.8693,93.95739999999999,71.98639999999999,16.4215,16.5839,78.6625,18.02,19.5088,44.1978,47.181,67.77560000000001,104.9826,85.6104,36.976,60.655,52.565400000000004,88.4854,54.0441,0.0,56.5979,44.1416,32.9212,41.3568,27.9848,81.5882,48.7128,30.3152,100.5111,79.8568,29.436799999999998,47.292,32.8085,47.597,79.4747,94.7151,28.8213,48.657,45.9129,9.0699,56.4358,75.9976,53.796699999999994,31.6437,52.521699999999996,94.7765,89.0078,20.825599999999998,43.4619,15.8046,89.7207,100.4404,55.1256,84.6989,68.6015,20.250400000000003,15.8643,18.0582,54.2596,65.2342,29.2641,70.40289999999999
56.5721,40.0741,24.813599999999997,19.5983,50.1401,65.8343,48.102,100.70219999999999,85.806,45.6675,92.03269999999999,44.87,59.047,82.5572,102.3962,95.4632,78.7208,8.520100000000001,56.389,69.5245,103.3994,77.6539,64.6365,72.156,36.427800000000005,56.3823,41.9537,58.977,19.0757,78.7646,75.7205,51.8303,83.3248,40.3628,45.3738,67.00760000000001,34.648199999999996,59.7608,0.0,90.4904,59.218900000000005,39.3673,47.217400000000005,77.335,49.645,37.0235,71.249,56.7502,37.987300000000005,34.9961,63.3605,16.1067,50.2126,71.3883,30.0009,55.4467,75.6794,56.9315,52.1825,86.98660000000001,72.12219999999999,40.6248,32.2296,65.5144,68.8065,34.7602,69.93560000000001,54.551300000000005,68.79469999999999,96.18719999999999,7.5422,80.4456,39.339400000000005,56.825,73.9413,36.001,25.7058,73.3787,75.6129,35.025800000000004
59.7999,98.44669999999999,84.9171,92.1573,108.5128,33.5845,106.4747,113.7792,7.0701,107.7526,105.1097,67.9803,117.41969999999999,66.73939999999999,101.22189999999999,94.3311,51.035199999999996,74.5918,51.718199999999996,51.4104,113.1683,85.7079,42.5451,33.546699999999994,110.8825,39.6102,59.3131,65.2706,81.3044,66.9026,134.09320000000002,115.54339999999999,8.1844,102.0785,79.9345,104.4699,82.2017,43.7752,88.9208,0.0,49.7661,73.4305,52.6769,97.5727,76.3609,85.9417,129.6216,102.9007,61.7632,88.7155,46.5025,81.7204,108.5853,117.759,78.9191,71.4221,45.031099999999995,40.1981,79.7915,75.1246,63.2913,73.9191,93.9452,123.887,112.0518,58.043,42.316300000000005,44.0608,112.7646,116.425,87.4486,100.68339999999999,97.7121,38.1196,32.9216,57.8624,95.68310000000001,86.307,17.9238,99.51339999999999
13.870899999999999,49.6367,35.251599999999996,51.4666,59.7028,30.1206,57.664699999999996,67.8502,37.2874,64.5299,59.180800000000005,69.2097,68.6097,35.8366,59.1054,52.2146,26.915599999999998,50.0132,4.3929,14.7465,70.5474,43.5914,53.180099999999996,36.4423,67.6598,20.6687,66.2933,20.6903,56.7258,32.817099999999996,85.2831,72.3207,34.8061,77.4999,32.3866,59.7601,33.4833,32.6729,57.4671,41.9717,0.0,21.657400000000003,15.806700000000001,52.8629,28.534,61.363099999999996,80.81160000000001,59.678,26.8385,64.1369,6.6623,57.1418,59.7753,74.5363,54.3405,25.511599999999998,19.0442,27.9083,36.257,43.1133,25.4016,23.311,69.3666,75.077,68.829,47.4237,11.356399999999999,54.695800000000006,69.5419,71.7151,62.87,55.9736,48.9021,18.0381,38.2277,50.293099999999995,71.1045,41.5971,27.0942,50.7034
18.519,31.252599999999997,15.324,31.539099999999998,41.3187,38.968,39.2806,67.625,56.4945,47.3783,58.9556,56.4526,50.2256,45.428599999999996,69.3191,62.3861,49.4868,37.256099999999996,18.8387,33.5165,70.3223,44.576800000000006,64.8675,45.289699999999996,40.575,29.516,41.3061,19.975,43.9688,45.687400000000004,66.8991,47.5268,54.0132,64.7428,15.399799999999999,51.155,13.5557,41.520300000000006,37.5396,61.1789,23.210900000000002,0.0,19.0383,44.2578,16.5679,48.606,62.4275,42.5265,15.992799999999999,51.3799,27.3525,44.384699999999995,41.3912,57.384699999999995,41.583400000000005,17.3295,37.8142,30.5857,19.105400000000003,53.9094,34.9936,8.7608,56.6096,56.6929,51.6775,33.093900000000005,33.927699999999994,66.3832,52.3904,63.110099999999996,41.9814,47.3685,30.518,30.069200000000002,47.075,35.963300000000004,58.3475,40.3016,46.3014,32.3193
22.600099999999998,46.3055,27.5002,46.415,56.3715,28.3248,54.333400000000005,78.6123,47.987300000000005,61.678,69.9428,56.6805,65.2784,48.621900000000004,71.8907,64.9999,38.0745,37.484,14.6526,29.443900000000003,81.3095,56.3767,54.2244,34.6465,55.5954,18.872799999999998,39.6917,31.5649,44.1966,48.787,81.9519,62.5796,45.506099999999996,64.9707,29.5347,65.4546,28.4316,30.8771,46.1518,52.671699999999994,17.4958,18.2476,0.0,58.5575,25.6821,48.8339,77.48039999999999,56.8261,16.380200000000002,51.607699999999994,17.3831,44.6126,56.444,71.68430000000001,41.8113,25.6263,35.033,17.7918,33.405,55.8986,38.1869,16.8827,56.8375,71.7458,65.97710000000001,31.479400000000002,26.0538,55.74,66.69,77.4097,50.3408,61.668099999999995,45.570800000000006,19.3161,36.4319,34.3489,58.5754,47.1787,37.7942,47.3722
40.1603,52.4985,53.6285,69.84360000000001,48.5541,73.41380000000001,47.1706,42.2978,87.8163,59.2528,25.8233,94.75710000000001,28.8529,51.4522,37.687,48.225,74.9205,75.56060000000001,51.5997,58.950199999999995,47.4197,29.3968,99.31339999999999,79.7355,62.3827,63.9619,79.6106,38.3002,82.2733,46.8807,34.846199999999996,67.04360000000001,85.335,103.0473,38.490199999999994,13.2271,48.7881,75.96610000000001,75.84410000000001,92.5007,50.9919,43.5916,57.5896,0.0,31.132099999999998,86.9106,44.782599999999995,42.5817,54.5442,89.6844,55.1334,82.6892,48.626599999999996,27.4597,79.88789999999999,35.6869,71.3737,69.069,28.299799999999998,44.060900000000004,42.9154,47.3121,94.9141,40.9672,25.465799999999998,71.3984,59.3613,100.829,22.447400000000002,25.681900000000002,80.2859,7.462,51.9243,64.4052,81.5209,74.26780000000001,96.652,15.899899999999999,77.6232,60.2596
16.5349,32.8152,28.8682,45.0833,39.6054,49.5205,37.5673,55.384800000000006,64.1807,39.5695,46.7154,69.99680000000001,48.5123,37.9786,57.078900000000004,50.145900000000005,51.284800000000004,50.8003,27.9641,35.3146,58.082,32.3365,75.4201,55.8422,42.699400000000004,40.068599999999996,54.850300000000004,11.5745,57.513,33.447199999999995,56.9624,47.3603,61.699400000000004,78.287,11.678600000000001,37.442099999999996,24.0278,52.0728,51.083800000000004,68.86510000000001,27.3563,16.5242,30.5222,30.544900000000002,0.0,62.1502,60.7142,34.717699999999994,27.4768,64.9241,31.497799999999998,57.9289,39.6779,49.575900000000004,55.1276,7.9458,39.612199999999994,45.1757,7.646199999999999,41.6692,23.951900000000002,20.2447,70.1538,54.9796,43.8687,46.638,35.725699999999996,76.9357,44.5815,49.3972,55.5256,33.6556,32.241,40.511900000000004,57.6276,49.5075,71.8917,26.5887,53.9876,40.5762
67.6279,63.1914,41.4759,48.3499,73.25739999999999,63.471,71.2193,111.6734,83.4428,73.5915,103.00389999999999,6.265899999999999,82.1643,93.613,113.36739999999999,106.4344,76.3576,29.985599999999998,58.885,76.0518,114.37060000000001,88.6251,32.2729,39.133,65.1794,54.0191,16.064799999999998,69.9482,30.8357,89.7358,98.8378,75.496,80.9615,24.7479,59.4482,95.2033,49.7036,30.9878,36.1039,88.12710000000001,64.1037,50.3385,50.8748,88.3062,60.6162,0.0,94.36619999999999,86.5748,42.3916,12.3199,64.4416,31.2517,73.3299,94.5056,12.457,68.193,73.3162,36.725199999999994,63.1537,97.9577,83.178,48.0365,16.3046,88.6316,95.7258,17.2903,70.8652,22.1877,96.4387,107.1584,43.6412,91.41680000000001,62.4567,54.4617,38.04,18.5311,24.1993,84.34989999999999,73.2496,60.8461
74.4172,41.325300000000006,57.9642,76.1936,28.0504,101.7284,33.991,75.57430000000001,118.5272,48.2318,58.133,102.9084,23.490299999999998,88.5725,86.0419,100.69969999999999,107.9717,68.5354,81.5992,92.00139999999999,80.69619999999999,82.8903,127.628,108.0501,51.3617,92.2765,99.99210000000001,69.4568,80.9292,84.001,10.9148,52.0925,116.04589999999999,111.1986,57.593599999999995,36.4994,62.9145,104.2807,73.2176,123.2115,81.7027,66.83919999999999,83.7581,45.8748,60.4959,95.0618,0.0,31.7111,73.5007,97.8357,85.8443,81.34519999999999,30.2638,19.4863,88.0392,67.2087,96.29910000000001,96.221,61.333,92.223,86.0907,73.3577,103.0654,23.8676,25.453799999999998,87.4352,92.41260000000001,129.1436,22.334799999999998,29.1728,76.9742,42.6321,40.751,92.8296,109.8355,90.30460000000001,104.80330000000001,55.959,108.334,47.841699999999996
47.926300000000005,23.672400000000003,40.3113,58.540800000000004,10.3975,76.30260000000001,16.3382,79.44760000000001,93.1014,30.5789,63.6614,85.2555,16.5078,62.0816,81.1417,74.2087,82.6762,50.8825,56.1734,66.7059,82.14489999999999,56.3994,102.20219999999999,82.6243,33.708800000000004,66.8507,82.33919999999999,42.965900000000005,63.2764,57.51,33.1812,34.4396,90.62010000000001,93.5458,31.102700000000002,19.6414,45.2616,78.8549,55.564699999999995,97.78580000000001,56.277,41.4134,58.332300000000004,31.4486,34.005,77.409,28.7097,0.0,56.907599999999995,80.1828,60.4185,63.6923,12.611,27.3575,70.3864,40.717800000000004,71.0036,70.7952,34.842,65.732,59.5997,47.9319,85.4125,22.975099999999998,21.650299999999998,68.8817,67.117,103.7178,22.3632,33.2586,59.3213,30.124299999999998,23.098200000000002,67.4039,84.4097,71.7512,87.15039999999999,40.8855,82.9083,30.1888
29.315099999999997,44.9498,18.9243,44.098800000000004,55.015800000000006,37.2419,52.9777,81.3112,55.6834,55.35,72.6418,51.3702,63.9227,55.3002,78.5689,71.6781,48.5983,32.173700000000004,23.5697,38.361,84.0084,58.263,63.1415,43.5636,53.279199999999996,27.79,35.2187,30.9389,38.8864,55.465300000000006,80.5962,61.1419,53.2022,59.6604,28.9752,64.8951,26.1154,29.823400000000003,37.575900000000004,60.3678,26.4129,15.9314,15.2136,57.998,25.1482,43.5236,76.12469999999999,56.2666,0.0,46.2975,26.3002,39.3023,55.088300000000004,71.12480000000001,36.501,28.2933,45.5568,26.8055,32.8455,62.576800000000006,44.865199999999994,9.8855,51.5272,70.3901,65.4176,27.006400000000003,34.9709,40.0432,66.1305,76.8502,45.0305,61.108599999999996,44.2151,28.2333,45.349,29.875799999999998,53.2651,49.845800000000004,45.490300000000005,46.492
69.4477,65.0111,43.2957,50.1697,75.07719999999999,65.2908,73.0391,113.49310000000001,85.2625,75.4113,104.8237,18.585900000000002,83.98410000000001,95.4328,115.18719999999999,108.2542,78.17739999999999,31.8053,60.704800000000006,77.8716,116.19030000000001,90.44489999999999,47.6544,71.6125,66.9992,55.838800000000006,24.9716,71.768,27.222900000000003,91.5555,100.6576,77.3158,82.7813,16.2928,61.267900000000004,97.0231,51.523300000000006,45.319199999999995,36.6028,89.9469,65.9235,52.158199999999994,52.6946,90.12589999999999,62.435900000000004,12.3199,96.186,88.39460000000001,44.211400000000005,0.0,66.2614,20.7578,75.1497,96.32539999999999,16.0898,70.0127,75.13589999999999,56.388,64.9735,99.7775,84.9978,49.856199999999994,7.849399999999999,90.45139999999999,97.54560000000001,25.7733,72.685,37.569199999999995,98.2584,108.9782,45.461,93.23660000000001,64.2765,56.2815,73.3978,27.0141,15.115200000000002,86.16969999999999,75.06939999999999,62.6659
15.6833,55.8485,40.56,56.775,65.91460000000001,30.338099999999997,63.8765,69.6625,37.4486,65.0972,60.9931,69.37089999999999,74.8215,28.8695,63.348800000000004,56.458,20.7825,50.1744,8.728299999999999,10.9621,72.3597,47.8348,53.3414,36.659800000000004,68.22710000000001,20.886200000000002,66.4546,22.6152,56.8871,29.0326,91.495,72.888,34.967400000000005,77.6611,34.9605,61.5724,38.7917,32.8904,64.5035,42.133,6.7762,28.6633,16.0242,54.6752,31.1079,61.5244,87.0234,60.245400000000004,27.0559,64.2982,0.0,57.303,65.98710000000001,75.1036,54.5018,28.0856,15.259799999999998,28.069599999999998,38.8309,37.254599999999996,29.6451,29.562,69.52789999999999,81.28880000000001,69.3964,47.584900000000005,7.572,54.857099999999996,70.1092,73.5274,63.0312,57.7859,55.1139,18.1994,38.4452,50.4543,71.2658,43.4095,27.2555,56.9152
60.518,44.8248,28.3975,32.0693,54.890800000000006,56.3611,52.8527,104.56339999999999,76.3328,52.5328,95.894,38.9092,63.7977,86.5031,106.2575,99.3245,69.2476,13.7049,51.7751,68.94189999999999,107.26060000000001,81.5151,58.6757,62.6828,48.8988,46.909099999999995,35.9929,62.8382,2.9739,82.6258,80.4712,59.215300000000006,73.8516,33.1055,52.3382,71.7583,38.2091,50.2876,16.1115,81.0172,56.9938,43.2285,43.7648,81.19619999999999,53.5062,31.0627,75.99969999999999,61.501,35.2816,19.6812,57.3317,0.0,54.963300000000004,76.139,14.7823,61.083,66.2062,47.4583,56.043800000000005,90.8478,76.0681,40.9265,24.9723,70.2651,73.5573,28.799400000000002,63.755199999999995,48.5905,73.5454,100.0485,25.1167,84.3069,44.0901,47.351800000000004,64.46809999999999,30.040200000000002,18.4485,77.23989999999999,66.13969999999999,44.565400000000004
50.3786,17.2867,33.925599999999996,52.155,5.8495,77.6898,4.7521,81.9,94.4886,24.1932,73.23060000000001,78.8698,14.7564,64.5339,83.59410000000001,76.6611,83.93310000000001,44.4968,57.5606,67.9628,84.5972,58.851699999999994,103.5894,84.0115,27.3231,68.2379,75.9535,45.4182,56.890699999999995,59.9624,31.4298,17.3182,92.0073,87.16,33.555,29.326700000000002,38.8759,80.24210000000001,49.179,99.1729,57.6641,42.800599999999996,59.7195,58.601099999999995,36.457300000000004,71.0232,26.958299999999998,12.4596,49.4621,73.7971,61.805699999999995,57.306599999999996,0.0,27.0977,64.00059999999999,43.170199999999994,72.2605,72.1824,37.2944,68.1844,62.052099999999996,49.3191,79.02680000000001,21.2237,24.515900000000002,63.3966,68.374,105.105,24.504,49.6878,52.9356,61.7117,16.712400000000002,68.7911,85.7969,66.266,80.76469999999999,53.5666,84.2954,23.803099999999997
60.5832,38.0429,54.6818,72.9113,24.768,88.95960000000001,30.7087,65.7974,105.7584,44.949400000000004,49.322900000000004,99.626,9.6908,74.7385,93.7987,86.8657,95.3331,65.253,68.8304,79.36280000000001,70.9193,51.1546,114.8592,95.2813,48.0793,79.5077,96.7097,55.622800000000005,77.64689999999999,70.167,12.9629,48.8101,103.2771,107.9162,43.7596,18.1981,59.6321,91.5119,69.9352,110.4427,68.9339,54.0704,70.9893,27.5735,46.6619,91.7795,17.112299999999998,28.4288,69.56460000000001,94.55330000000001,73.0755,78.06280000000001,26.9815,0.0,84.75689999999999,53.3748,83.6605,83.45219999999999,47.499,78.389,72.2567,60.5889,99.783,20.5853,10.084100000000001,81.53869999999999,79.774,116.37480000000001,5.3107,20.3627,73.6918,24.3308,37.4687,80.0608,97.0667,84.4081,101.5209,37.657599999999995,95.56519999999999,44.5593
60.5869,56.1503,34.4349,41.3089,66.2163,56.43,64.1782,104.6323,76.40169999999999,66.5505,95.96289999999999,20.3662,75.1232,86.572,106.32639999999999,99.3934,69.31660000000001,22.9445,51.844,69.0108,107.3295,81.5841,40.1327,62.7517,58.138400000000004,46.978,17.4498,62.9071,23.794700000000002,82.6947,91.7967,68.455,73.9205,26.984099999999998,52.4071,88.1623,42.6625,29.8172,29.062900000000003,81.0861,57.0627,43.2974,43.833800000000004,81.2651,53.5751,12.5196,87.3252,79.5337,35.3506,13.6211,57.4006,14.137,66.28880000000001,87.4646,0.0,61.151900000000005,66.27510000000001,29.7062,56.1127,90.91669999999999,76.137,40.995400000000004,18.850900000000003,81.59060000000001,88.68480000000001,10.2713,63.8241,30.0475,89.39760000000001,100.1173,36.6001,84.3758,55.4156,47.4207,64.537,11.5121,20.5887,77.3088,66.2086,53.805099999999996
11.2725,35.74,31.7375,47.9525,42.5301,45.629,40.492,51.7214,58.9183,42.4942,43.052,74.3485,51.437,30.4523,50.364599999999996,43.473800000000004,46.022400000000005,55.152,22.701700000000002,30.0521,54.418699999999994,28.6732,71.52860000000001,51.9507,45.624199999999995,36.177099999999996,59.202,6.2858,61.864599999999996,25.6584,59.8871,50.285,56.437,82.6387,14.470600000000001,40.9229,26.1703,48.1813,53.9531,63.602599999999995,22.093799999999998,17.3633,28.253700000000002,34.0257,8.7705,66.50189999999999,63.6389,37.6424,28.315900000000003,69.2757,26.235400000000002,62.2806,42.602599999999995,52.5006,59.4793,0.0,34.3498,40.898,14.53,34.3725,17.7611,21.0838,74.5055,57.904300000000006,46.7934,50.9897,30.4633,73.0442,47.5063,52.877900000000004,58.394800000000004,37.1364,35.165699999999994,36.620400000000004,53.7361,53.8591,76.2434,22.7757,48.7251,43.501
25.0457,63.6925,50.1629,66.378,73.7586,42.5817,71.7204,77.4803,40.3128,72.99839999999999,68.8108,78.1014,82.6655,26.5364,59.3939,52.4069,10.3147,58.904900000000005,21.4324,6.511699999999999,71.03689999999999,43.917699999999996,62.365300000000005,48.903400000000005,76.1283,33.1297,75.1851,30.5164,65.61760000000001,26.6996,99.3389,80.7892,37.8315,86.39160000000001,45.1803,76.8,47.4475,45.134,72.3785,44.9972,19.4803,38.676300000000005,32.5027,69.9028,41.6067,70.25489999999999,94.86739999999999,68.1465,46.397,73.0287,16.2168,66.0335,73.8311,83.0048,63.2323,36.6679,0.0,37.0935,52.6517,34.9216,23.0883,39.1649,78.2584,89.1328,77.2976,56.315400000000004,11.1859,63.880900000000004,78.01039999999999,88.7551,71.76180000000001,73.0135,62.9579,27.2233,50.6887,59.1848,79.9963,51.842,36.2794,64.75919999999999
30.1875,61.313900000000004,35.801300000000005,54.96,71.37989999999999,14.282200000000001,69.3418,83.2379,35.6511,76.68639999999999,74.5684,36.4749,80.2868,59.5901,79.47810000000001,72.5873,40.932,37.394400000000005,23.3051,36.847,85.9351,63.9641,24.201700000000002,16.9554,70.6402,9.431299999999998,24.3993,36.1755,44.107099999999996,59.7533,96.9603,77.588,33.1698,64.8811,44.543099999999995,80.463,46.0206,8.8614,51.7235,40.3355,24.8989,33.3345,19.9625,73.5659,40.6905,48.7443,92.4888,71.8345,24.5658,51.5182,24.7862,44.523,71.4524,86.6928,41.7217,40.634699999999995,37.8906,0.0,48.4134,67.9752,45.7744,26.7727,56.7479,86.7542,80.9855,20.9958,35.4396,23.5849,81.69839999999999,92.41810000000001,50.2512,76.6765,60.5792,11.9499,16.235799999999998,20.8124,58.485800000000005,57.2119,25.458,62.3806
22.4745,28.185599999999997,30.674,46.889,34.975699999999996,53.8565,32.937599999999996,52.6611,70.6552,34.939800000000005,43.991699999999994,71.8025,43.8826,35.2951,54.355199999999996,47.4222,57.2244,52.606,33.727199999999996,41.2541,55.3584,29.6129,79.756,60.1782,38.0698,44.4045,56.656,17.5141,59.3187,30.7235,52.332699999999996,42.730599999999995,68.174,80.0927,15.5356,34.677099999999996,25.8335,56.4088,52.8895,75.3396,33.8308,21.7611,35.7591,27.7799,9.3015,63.956,56.0845,30.088,32.7136,66.7298,37.9724,59.7346,35.048199999999994,44.9462,56.9334,13.885399999999999,45.5518,48.3491,0.0,38.9455,26.4372,25.4815,71.9595,50.3499,39.239,48.4438,41.6652,81.2717,39.9519,46.6322,57.331300000000006,30.8906,27.6113,44.957699999999996,61.9635,51.313199999999995,73.69739999999999,23.823700000000002,60.4621,35.9466
31.9115,59.2681,63.3708,79.5858,66.0582,66.0093,64.0201,50.595800000000004,69.14569999999999,66.02239999999999,41.9264,105.6245,74.9651,14.369299999999999,30.1639,20.0663,44.187400000000004,86.428,40.3377,33.5732,41.8055,22.2416,91.16810000000001,72.3311,69.1523,56.5574,90.478,34.2701,93.1406,9.797799999999999,83.4153,73.8132,66.6645,113.9147,49.816199999999995,49.447900000000004,57.4974,68.56160000000001,85.58630000000001,73.8301,38.3856,48.7262,51.552800000000005,43.402800000000006,39.0568,97.77789999999999,87.1671,61.1705,59.6787,100.5518,36.1885,93.5566,66.13069999999999,76.0287,90.7553,37.911699999999996,35.4988,61.6646,35.647800000000004,0.0,19.2077,52.4466,105.7815,81.4325,70.3215,82.2657,43.0544,92.6837,71.03439999999999,62.255,90.02810000000001,45.6614,58.6938,56.0261,74.1164,85.13510000000001,107.51939999999999,28.4094,65.0821,67.0291
16.439799999999998,49.1217,47.5775,63.7926,55.9119,50.2161,53.8737,56.411699999999996,58.8873,55.876,47.7423,89.8312,64.81869999999999,15.3786,38.846599999999995,31.9558,42.8203,70.6347,24.5445,26.85,50.4882,23.3326,75.3096,56.537800000000004,59.005900000000004,40.764199999999995,74.68469999999999,18.2621,77.3474,10.584700000000002,73.26889999999999,63.6668,56.406,98.1215,32.7236,49.765800000000006,41.7042,52.7684,69.79310000000001,63.5716,22.5924,32.932900000000004,35.7595,42.8687,22.4483,81.9847,77.02069999999999,51.0241,43.8855,84.7585,27.160700000000002,77.76339999999999,55.9844,65.88239999999999,74.9621,19.361,25.240299999999998,45.871300000000005,25.5014,18.8067,0.0,36.653400000000005,89.98819999999999,71.2861,60.1751,66.4725,27.2611,76.8252,60.888,61.7209,74.2349,45.9793,48.5474,40.1676,58.3232,69.3419,91.7261,29.4878,49.223699999999994,59.0159
21.232200000000002,36.8669,16.783099999999997,36.0159,46.933,37.263,44.894800000000004,73.2283,57.2348,47.2671,64.55890000000001,54.798300000000005,55.8399,47.2173,70.486,63.5952,50.154900000000005,35.601800000000004,19.6162,34.184599999999996,75.9256,50.180099999999996,63.1626,43.5847,45.1963,27.8111,39.6518,22.856,42.3145,47.382400000000004,72.5133,53.059,54.7535,63.0885,20.8923,56.8123,18.0325,39.8153,42.016400000000004,61.9191,23.879,7.8485,16.8094,49.915099999999995,17.0653,46.951699999999995,68.04180000000001,48.183699999999995,10.9831,49.7256,28.020599999999998,42.7304,47.0055,63.042,39.9291,20.2105,38.4823,28.3568,24.7626,54.493900000000004,36.782300000000006,0.0,54.9553,62.307199999999995,57.3347,31.4396,34.595800000000004,64.6782,58.047599999999996,68.7673,46.4582,53.0257,36.1323,28.253700000000002,45.3701,34.309,56.6932,41.7629,47.041599999999995,38.409099999999995
74.298,69.86139999999999,48.146,55.02,79.9275,70.14110000000001,77.8894,118.34339999999999,90.11280000000001,80.2616,109.674,23.2165,88.83439999999999,100.2831,120.0375,113.1045,83.0277,36.6556,65.55510000000001,82.72189999999999,121.04060000000001,95.2952,46.055099999999996,76.4628,71.8495,60.689099999999996,28.9563,76.6183,24.1556,96.4058,105.50789999999999,82.1661,87.6316,9.3759,66.1182,101.87339999999999,56.373599999999996,50.1695,33.5354,94.7972,70.77380000000001,57.0085,57.5449,94.97619999999999,67.2862,16.3046,101.0363,93.2449,49.061699999999995,7.849399999999999,71.1117,26.2781,80.0,101.17569999999999,20.940099999999997,74.863,79.9862,61.2383,69.8238,104.62780000000001,89.8481,54.7065,0.0,95.3017,102.3959,30.6236,77.5353,40.5474,103.1087,113.8285,37.435300000000005,98.0869,69.1268,61.131800000000005,78.2482,31.8644,12.047799999999999,91.02,79.91969999999999,67.5162
68.134,35.0421,51.6809,69.9104,21.7671,95.4452,27.7078,99.6553,112.2439,41.9485,90.9859,96.6251,17.207099999999997,82.2893,101.34939999999999,94.4164,101.6885,62.2521,75.3159,85.7182,102.35260000000001,76.6071,121.3447,101.76689999999999,45.0784,85.9932,93.7088,63.1736,74.646,77.7178,26.0845,20.7729,109.7627,104.91539999999999,51.3104,29.234099999999998,56.6312,97.9975,66.93430000000001,116.92830000000001,75.4195,60.5559,77.47489999999999,41.0413,54.2127,88.77860000000001,21.613,25.4279,67.2175,91.55239999999999,79.56110000000001,75.062,23.9806,21.752299999999998,81.756,60.9255,90.01589999999999,89.93780000000001,55.049699999999994,85.9397,79.8074,67.0745,96.7821,0.0,19.1705,81.1519,86.1293,122.8604,19.1587,44.3425,70.6909,38.4224,34.467800000000004,86.54639999999999,103.5522,84.0213,98.52,71.3219,102.05080000000001,41.5584
54.876,33.6207,50.2595,68.489,20.3458,83.2524,26.2864,68.8468,100.0511,40.5271,52.3723,95.2038,7.1341,69.0313,88.0914,81.1584,89.62589999999999,60.8308,63.1231,73.6556,73.9687,48.5395,109.1519,89.5741,43.6571,73.8004,84.0437,49.9156,73.22460000000001,64.4598,27.5035,44.3879,97.56989999999999,103.494,38.0524,13.8105,51.646699999999996,85.8047,65.513,104.7355,63.226699999999994,48.3632,65.2821,25.6177,40.954699999999995,87.35719999999999,24.983,19.7662,63.8574,90.1311,67.3683,73.6406,22.5592,10.084100000000001,80.33460000000001,47.6675,77.9533,77.745,41.7918,72.68180000000001,66.54939999999999,54.881699999999995,95.3608,19.2484,0.0,75.8315,74.0668,110.66760000000001,6.0118,26.018,69.26960000000001,24.2935,33.0464,74.3536,91.3594,78.70089999999999,97.0987,35.0426,89.858,40.1371
52.3211,59.9942,30.377599999999997,49.536300000000004,70.0602,32.1404,68.02210000000001,96.3666,53.5092,76.1199,87.6971,20.8368,78.9671,78.3062,98.06060000000001,91.1276,57.8287,27.781599999999997,40.3561,65.2735,99.0638,73.31830000000001,22.9101,34.8135,66.36580000000001,35.4901,8.86,54.641400000000004,28.631700000000002,74.429,95.6406,74.7018,51.028,42.1057,44.141400000000004,79.8965,39.6753,21.238799999999998,33.9,58.193599999999996,45.5748,35.031699999999994,36.318599999999996,72.9994,45.309400000000004,17.2785,91.169,71.268,27.084799999999998,28.7427,45.912699999999994,29.0477,70.1327,86.1262,10.272,52.886199999999995,54.7872,21.009,47.8469,82.6509,67.8712,33.0251,33.9724,85.4344,80.419,0.0,52.3362,19.1675,81.13189999999999,91.8516,44.8275,76.11,59.2595,35.9328,34.093900000000005,3.5172,35.710300000000004,69.04310000000001,43.3161,60.0519
25.1768,63.8236,50.294,66.509,73.8896,39.051300000000005,71.8515,79.156,36.647400000000005,73.1295,70.48660000000001,74.5711,82.7965,39.020900000000005,66.5988,59.708,16.5115,55.3746,17.0951,12.161100000000001,78.5452,51.0848,58.835,45.3731,76.2594,29.599400000000003,71.65480000000001,30.6474,62.087300000000006,39.1841,99.47,80.9203,34.1661,82.8613,45.3114,69.8467,47.5786,41.603699999999996,69.7037,41.3318,15.1429,38.807300000000005,28.1653,62.9496,41.7377,66.72460000000001,94.9985,68.2776,39.197,69.49839999999999,11.8794,62.5032,73.9621,83.1358,59.702,36.799,11.1859,33.563199999999995,45.1683,47.406,32.895,39.296,74.72810000000001,89.26389999999999,77.4286,52.7851,0.0,60.3506,78.1415,81.8018,68.2314,66.0602,63.0889,23.693,47.1584,55.6545,76.466,51.683800000000005,36.8553,64.8903
58.970800000000004,90.09710000000001,45.1364,64.295,100.1632,27.618,98.1251,112.0211,50.9015,105.4696,103.3516,20.3436,109.07010000000001,86.2958,111.5433,104.6525,67.6377,47.691300000000005,56.8308,67.05,114.7183,96.0293,4.8412,19.4346,81.1245,39.8299,14.197,64.9587,48.5414,86.459,125.7435,106.3713,56.6147,44.4375,73.3263,109.2463,56.5665,15.8046,53.8097,44.065400000000004,55.1019,62.1178,48.7457,102.3491,69.4737,22.511599999999998,121.272,100.6177,59.7774,37.697199999999995,55.439800000000005,48.9574,100.2357,115.476,30.1627,69.41789999999999,64.5963,23.5879,77.19669999999999,94.6809,82.8476,43.164199999999994,53.8821,115.53739999999999,109.7687,19.1675,62.145300000000006,0.0,110.4816,121.2013,59.5863,105.4598,89.3624,42.3485,16.9509,16.4001,55.62,85.99510000000001,43.8181,91.16380000000001
55.6004,35.0837,51.7226,69.952,21.808799999999998,83.9767,27.7494,58.3995,100.7755,41.990199999999994,41.925,96.66680000000001,8.156600000000001,69.75569999999999,88.8158,81.8828,90.3503,62.293800000000005,63.8475,74.38,63.5214,46.2347,109.8763,90.2985,45.1201,74.5248,84.7681,50.64,74.6876,65.1842,21.9943,45.8509,98.2942,104.957,38.7768,13.215200000000001,52.3711,86.5291,66.976,105.45989999999999,63.9511,49.0875,66.0065,22.653599999999997,41.6791,88.8202,19.4031,20.4905,64.5818,91.59410000000001,68.0927,75.1036,24.0222,5.3107,81.7976,48.3919,78.6777,78.4694,42.5162,73.40610000000001,67.27380000000001,55.6061,96.8238,18.194599999999998,6.0118,76.5558,74.7911,111.392,0.0,20.5088,70.7326,19.4109,34.5094,75.078,92.0838,79.42530000000001,98.5617,32.737700000000004,90.58239999999999,41.6001
59.0026,50.6749,72.4708,85.391,44.8067,92.2561,47.1704,48.519400000000005,106.6586,57.429199999999994,32.0449,113.59939999999999,29.443099999999998,70.2945,58.987,77.4687,93.7628,94.40289999999999,70.442,77.7925,53.6413,48.2391,118.1557,98.5778,60.5591,82.8042,98.4529,57.1425,87.89710000000001,65.723,18.296,65.22,104.17739999999999,121.8896,57.3325,24.1371,67.6304,94.80839999999999,80.18539999999999,111.343,69.8342,62.4339,76.4319,25.7562,49.9744,105.7529,28.232400000000002,31.4124,73.3865,108.52669999999999,73.9758,88.313,47.020199999999996,20.4007,98.7303,54.529199999999996,90.216,87.9113,47.1421,62.9032,61.7577,66.1544,113.7564,40.624,26.056,90.2407,78.20360000000001,119.6713,20.5643,0.0,86.17160000000001,18.231900000000003,50.1006,83.2475,100.36319999999999,93.1101,115.49430000000001,34.7422,96.4655,58.435900000000004
53.6905,37.1925,21.932,15.684899999999999,47.2585,62.9527,45.2204,97.8206,82.92439999999999,41.7541,89.1511,53.5477,56.1654,79.6756,99.5146,92.58160000000001,75.83919999999999,18.026,53.507400000000004,66.6429,100.51780000000001,74.7723,73.31410000000001,69.2744,32.5144,53.500699999999995,50.6313,56.0954,24.1448,75.883,72.8389,47.9169,80.4431,45.4319,42.4921,64.126,31.766599999999997,56.8792,7.8822,87.6088,56.337300000000006,36.485699999999994,44.335800000000006,74.45339999999999,46.763400000000004,45.7011,68.3673,53.8686,35.1057,48.4749,60.4789,26.267400000000002,47.331,68.5067,38.6785,52.5651,72.79780000000001,54.0499,49.3009,84.1049,69.2406,37.743199999999995,37.2987,62.6328,65.9249,43.4378,67.054,63.229,65.9131,93.30560000000001,0.0,77.564,36.457800000000006,53.943400000000004,71.05969999999999,44.6787,30.774900000000002,70.4971,72.7313,31.1124
43.77,56.1083,57.2383,73.4533,38.4815,77.0235,50.7804,39.544599999999996,91.426,62.8626,23.0701,98.3668,27.6842,55.0619,50.0122,51.3262,78.5302,79.1703,55.2095,62.5599,44.6665,32.498,102.9231,83.34530000000001,65.9925,67.5716,83.22030000000001,41.9099,85.883,50.4904,31.7641,70.6533,88.9448,106.6571,42.0999,12.0583,52.397800000000004,79.5758,79.4538,96.1104,54.6016,47.2013,61.199400000000004,8.0433,34.741800000000005,90.5203,41.7005,28.2252,58.1539,93.2941,58.743199999999995,86.299,39.450199999999995,24.377599999999997,83.4977,39.2966,74.98339999999999,72.67880000000001,31.9095,47.162099999999995,46.5252,50.921800000000005,98.52380000000001,37.412800000000004,24.297099999999997,75.0081,62.971,104.4387,19.365299999999998,18.216099999999997,83.8956,0.0,55.534,68.0149,85.1306,77.8775,100.26169999999999,19.001099999999997,81.2329,63.8693
43.996199999999995,2.2749,25.3139,26.1289,16.3016,69.0781,14.2635,75.5176,85.87689999999999,12.720799999999999,66.8481,70.2581,25.2085,58.1515,77.2116,70.27860000000001,75.3214,35.8851,48.9489,59.351099999999995,78.2148,52.469300000000004,94.9777,75.3998,15.850700000000002,59.6262,67.3418,39.0358,48.279,53.58,41.882,22.509700000000002,83.3956,78.5483,27.1726,36.1144,30.264200000000002,71.6304,40.5673,90.5612,49.0524,34.188900000000004,51.107800000000005,52.218599999999995,30.074900000000003,62.4115,37.4104,22.9117,40.8504,65.1854,53.194,48.694900000000004,16.374100000000002,37.549800000000005,55.3889,36.787699999999994,63.6488,63.570699999999995,30.912,61.802,55.669599999999996,40.7074,70.41510000000001,31.675900000000002,34.968,54.7849,59.7623,96.4933,34.956199999999995,49.7316,45.3782,55.3293,0.0,60.1794,77.1852,57.654300000000006,72.153,47.1842,75.6837,8.493799999999998
26.2317,58.5716,37.9116,57.0702,68.6376,17.488799999999998,66.5995,80.49560000000001,32.0615,73.9441,71.82610000000001,58.7012,77.5445,51.599,76.84639999999999,69.9556,32.9409,39.5047,15.0824,29.4426,83.1928,61.3324,43.388400000000004,23.8105,73.8997,8.0357,35.4639,33.4332,46.2173,51.7621,94.218,74.8458,29.5802,66.9914,41.8008,77.7208,40.7594,19.926099999999998,53.8337,36.7459,20.405,30.575400000000002,17.220200000000002,70.8236,37.9482,50.8546,89.7465,69.09219999999999,26.676099999999998,53.6284,20.742900000000002,46.633300000000006,68.71010000000001,83.9505,43.832,37.8924,29.8994,11.5343,45.6712,59.9841,48.150800000000004,28.883,58.8581,84.0119,78.2432,36.9152,26.0525,44.904,78.9561,89.67580000000001,52.3615,73.93430000000001,57.8369,0.0,25.5959,39.7846,60.596,54.4696,21.8684,59.6383
42.9341,74.06039999999999,54.109199999999994,73.26780000000001,84.12639999999999,11.581299999999999,82.0883,95.9844,38.2816,89.43289999999999,87.3149,41.172599999999996,93.0333,72.3366,92.22460000000001,85.3338,53.6785,55.7022,36.0516,49.5935,98.6816,76.7106,15.7374,4.0144,83.38669999999999,23.793200000000002,30.3515,48.922,62.4149,72.49980000000001,109.7068,90.33460000000001,41.9779,83.189,57.2896,93.20960000000001,58.7683,14.0503,70.0313,34.457699999999996,37.6454,46.081,32.709,86.3124,53.437,38.666,105.23530000000001,84.581,43.7407,69.826,37.5327,62.8309,84.1989,99.4393,60.0296,53.3812,50.6371,16.0353,61.1599,80.7217,58.520900000000005,45.0805,75.0557,99.5007,93.732,33.8801,48.186099999999996,17.2531,94.44489999999999,105.16460000000001,68.5591,89.423,73.3257,26.311799999999998,0.0,28.1702,76.79360000000001,69.9584,31.1981,75.12710000000001
53.562,61.235,31.6185,50.7771,71.3011,31.9701,69.26289999999999,97.6074,53.339,77.3607,88.9379,22.077599999999997,80.2079,79.547,99.3014,92.3685,64.8617,29.0224,45.9156,66.5144,100.30460000000001,74.5591,20.1427,29.1055,67.6066,42.5231,6.4666999999999994,55.8822,29.8726,75.66980000000001,96.8814,75.9427,50.857699999999994,43.3465,45.3822,81.1374,40.916199999999996,19.0548,35.140800000000006,58.0234,52.607800000000005,36.2725,37.559400000000004,74.2402,46.5502,18.5194,92.4099,72.50880000000001,28.325599999999998,29.9836,48.646,30.2885,71.3735,87.36710000000001,11.5129,54.127,61.8202,20.825599999999998,49.0878,83.8918,69.112,34.266,35.213300000000004,86.67530000000001,81.6599,3.5172,59.3692,16.4001,82.3727,93.0924,46.068400000000004,77.3509,60.5003,42.9658,28.385900000000003,0.0,36.9512,70.28389999999999,43.145900000000005,61.292699999999996
71.889,67.4524,45.737,41.498400000000004,77.5184,67.7321,75.4803,115.9344,87.7038,77.85260000000001,107.265,38.3095,86.42530000000001,97.874,117.6285,110.6955,80.6186,34.2466,63.1461,80.3129,118.6316,92.8861,58.075900000000004,74.05380000000001,58.3279,58.2801,35.3931,74.2092,16.1625,93.99680000000001,103.0988,79.75710000000001,85.2226,19.0128,63.709199999999996,99.4644,53.9646,47.760400000000004,25.5424,92.3882,68.3648,54.5995,55.1358,92.5672,64.8772,22.5654,98.6273,90.8358,46.6526,13.6461,68.7027,18.2851,77.59089999999999,98.76660000000001,18.531,72.454,77.57719999999999,58.8293,67.4148,102.2188,87.439,52.2975,10.8796,92.89269999999999,99.98689999999999,28.2145,75.1262,47.9908,100.69969999999999,111.4194,29.4423,95.6779,66.7177,58.7228,75.8391,29.4554,0.0,88.6109,77.5107,65.1071
29.0877,47.8278,53.0301,69.2452,54.618,62.0732,52.5799,32.2907,76.73339999999999,54.5821,23.621299999999998,95.64110000000001,38.5325,33.0151,35.292,33.8886,63.8376,76.44460000000001,40.5168,47.8673,36.4849,15.0605,87.9728,68.39489999999999,57.7121,52.621300000000005,80.4946,27.2273,83.1573,28.4435,45.1902,62.3729,74.25210000000001,103.93130000000001,36.7249,22.9067,47.463,64.6255,75.2457,81.4178,39.909,38.6559,47.616699999999994,16.8616,28.052400000000002,87.7945,55.126599999999996,39.460300000000004,49.6085,90.5684,44.0505,83.5732,54.6905,37.8037,80.77189999999999,24.9651,52.165,57.7285,23.722099999999998,29.930400000000002,29.2457,42.376400000000004,95.7981,69.9922,35.1454,72.2823,48.278400000000005,89.4884,32.7915,35.713800000000006,79.6874,19.1202,47.2536,53.0646,70.1803,75.15180000000001,97.536,0.0,66.5403,55.5889
40.136,75.6172,58.1445,77.3031,85.6833,26.5623,83.6451,94.1153,10.2944,90.7949,85.4458,78.934,94.5902,60.123,85.37039999999999,78.4796,41.4649,59.7375,30.658,40.877199999999995,96.8125,69.8564,42.1428,33.1443,93.9249,24.7559,44.458800000000004,46.9553,66.4502,60.2861,111.26360000000001,98.5857,12.983799999999999,87.2242,58.6517,86.02510000000001,59.463699999999996,28.921,74.06660000000001,15.9604,28.929,47.6379,37.8227,79.1279,54.799099999999996,71.0875,106.7921,85.9431,46.909,73.8613,29.2669,66.8661,85.75580000000001,100.8013,64.0649,51.7767,38.4234,25.3439,62.522,68.5081,56.674800000000005,49.2915,79.091,101.0575,95.09410000000001,43.1888,35.9725,43.6585,95.807,97.9802,72.5944,82.2386,74.88260000000001,23.265400000000003,32.5193,43.008199999999995,80.82889999999999,67.8622,0.0,76.6839
42.5728,7.533,24.7911,17.7454,23.587799999999998,68.5553,21.5497,85.18430000000001,85.3541,11.968399999999999,76.51480000000001,69.73530000000001,32.4947,67.81819999999999,86.8783,79.94539999999999,74.79860000000001,30.362,48.4261,58.828300000000006,87.8815,62.136,94.4549,74.877,10.665799999999999,59.1034,66.8189,43.1387,42.755900000000004,63.2467,49.1682,18.651,82.8728,78.0255,28.9183,45.781099999999995,28.7575,71.1076,35.0442,90.0384,48.5296,33.4765,50.585,61.885400000000004,33.8067,61.8887,44.6966,30.1979,46.4373,64.6626,52.6712,43.171800000000005,23.6603,44.836,54.866099999999996,41.2091,63.126,63.0479,36.344199999999994,71.4687,58.6217,39.1421,69.8923,38.962,42.2542,58.4114,59.2395,76.9312,42.2423,59.398300000000006,25.9205,64.996,8.4945,59.6566,76.66239999999999,61.280800000000006,57.9369,56.8509,75.1609,0.0
